,title,overview,originallanguage,release_date,vote_count,vote_average,populatiry
0,Garota da Moto,,pt,2021-09-23,6,6,182.911
1,Frozen II,"Elsa, Anna, Kristoff and Olaf head far into the forest to learn the truth about an ancient mystery of their kingdom.",en,2019-11-20,8130,8130,182.635
2,The Conjuring 2,Lorraine and Ed Warren travel to north London to help a single mother raising four children alone in a house plagued by malicious spirits.,en,2016-06-08,6735,6735,182.63
3,Dragon Ball Z: Broly – Second Coming,"A Saiyan Space pod crash-lands on Earth out of which a wounded Saiyan crawls: Broly, the Legendary Super Saiyan. The wounded Broly shouts out in frustration and turns into normal form. The place soon freezes, trapping him in it and he falls into a coma.",ja,1994-03-12,506,506,182.515
4,Interstellar,The adventures of a group of explorers who make use of a newly discovered wormhole to surpass the limitations on human space travel and conquer the vast distances involved in an interstellar voyage.,en,2014-11-05,28274,28274,182.407
5,Weathering with You,"The summer of his high school freshman year, Hodaka runs away from his remote island home to Tokyo, and quickly finds himself pushed to his financial and personal limits. The weather is unusually gloomy and rainy every day, as if taking its cue from his life. After many days of solitude, he finally finds work as a freelance writer for a mysterious occult magazine. Then, one day, Hodaka meets Hina on a busy street corner. This bright and strong-willed girl possesses a strange and wonderful ability: the power to stop the rain and clear the sky.",ja,2019-06-19,1419,1419,181.924
6,Fear Street: 1994,"After a series of brutal slayings, a teen and her friends take on an evil force that's plagued their notorious town for centuries.",en,2021-06-28,1476,1476,181.496
7,Deadpool 2,Wisecracking mercenary Deadpool battles the evil and powerful Cable and other bad guys to save a boy's life.,en,2018-05-10,14550,14550,181.365
8,Mamá o papá,"Flora and Victor are fun, modern, caring parents. That is, until they decide to get a divorce, and the perfect job opportunity turns up for them. They now have one problem: custody.",es,2021-12-17,113,113,181.195
9,The Dark Knight Rises,"Following the death of District Attorney Harvey Dent, Batman assumes responsibility for Dent's crimes to protect the late attorney's reputation and is subsequently hunted by the Gotham City Police Department. Eight years later, Batman encounters the mysterious Selina Kyle and the villainous Bane, a new terrorist leader who overwhelms Gotham's finest. The Dark Knight resurfaces to protect a city that has branded him an enemy.",en,2012-07-16,19340,19340,180.224
10,Dhamaka,"When a cynical ex-TV news anchor gets an alarming call on his radio show, he sees a chance for a career comeback — but it may cost his conscience.",hi,2021-11-19,57,57,180.177
11,Return to Space,The inspirational rise of SpaceX as well as Elon Musk's two-decade effort to resurrect America’s space travel ambitions.,en,2022-04-07,57,57,179.911
12,Fifty Shades of Grey,"When college senior Anastasia Steele steps in for her sick roommate to interview prominent businessman Christian Grey for their campus paper, little does she realize the path her life will take. Christian, as enigmatic as he is rich and powerful, finds himself strangely drawn to Ana, and she to him. Though sexually inexperienced, Ana plunges headlong into an affair -- and learns that Christian's true sexual proclivities push the boundaries of pain and pleasure.",en,2015-02-11,10151,10151,179.708
13,Teenage Mutant Ninja Turtles,"When a kingpin threatens New York City, a group of mutated turtle warriors must emerge from the shadows to protect their home.",en,2014-08-07,5828,5828,179.376
14,Predators,A group of cold-blooded killers find themselves trapped on an alien planet to be hunted by extraterrestrial Predators.,en,2010-07-03,3147,3147,179.272
15,Snoopy Presents: For Auld Lang Syne,"After finding out her grandmother won't be visiting for Christmas, Lucy decides to cheer herself up by throwing the ultimate New Year's Eve party. Meanwhile, Charlie Brown tries to fulfill one of his resolutions before the clock strikes midnight.",en,2021-12-09,69,69,178.833
16,Vivo,A music-loving kinkajou named Vivo embarks on the journey of a lifetime to fulfill his destiny and deliver a love song for an old friend.,en,2021-07-30,513,513,178.587
17,The Lion King,"Simba idolizes his father, King Mufasa, and takes to heart his own royal destiny. But not everyone in the kingdom celebrates the new cub's arrival. Scar, Mufasa's brother—and former heir to the throne—has plans of his own. The battle for Pride Rock is ravaged with betrayal, tragedy and drama, ultimately resulting in Simba's exile. With help from a curious pair of newfound friends, Simba will have to figure out how to grow up and take back what is rightfully his.",en,2019-07-12,8363,8363,178.182
18,The Invisible Thread,The teenage son of two fathers makes a documentary film about his parents but is surprised when a real-life plot twist occurs in his family.,it,2022-03-04,97,97,177.954
19,Halo: Nightfall,"Set between the events of Halo 4 and Halo 5: Guardians… Halo: Nightfall tells the dramatic story of legendary man hunter and Naval Intelligence Officer Jameson Locke and his team as they are caught in a horrific biological attack while investigating terrorist activity on the distant colony world of Sedra. As they unravel a plot that draws them to an ancient, hellish artifact, they will be forced to fight for their survival, question everything and ultimately choose between their loyalty and their lives.",en,2014-02-05,115,115,177.685
20,Inception,"Cobb, a skilled thief who commits corporate espionage by infiltrating the subconscious of his targets is offered a chance to regain his old life as payment for a task considered to be impossible: ""inception"", the implantation of another person's idea into a target's subconscious.",en,2010-07-15,31353,31353,177.673
21,A Silent Voice: The Movie,"Shouya Ishida starts bullying the new girl in class, Shouko Nishimiya, because she is deaf. But as the teasing continues, the rest of the class starts to turn on Shouya for his lack of compassion. When they leave elementary school, Shouko and Shouya do not speak to each other again... until an older, wiser Shouya, tormented by his past behaviour, decides he must see Shouko once more. He wants to atone for his sins, but is it already too late...?",ja,2016-09-17,2899,2899,177.39
22,Captain America: Civil War,"Following the events of Age of Ultron, the collective governments of the world pass an act designed to regulate all superhuman activity. This polarizes opinion amongst the Avengers, causing two factions to side with Iron Man or Captain America, which causes an epic battle between former allies.",en,2016-04-27,19642,19642,177.14
23,Ice Age: Dawn of the Dinosaurs,"Times are changing for Manny the moody mammoth, Sid the motor mouthed sloth and Diego the crafty saber-toothed tiger. Life heats up for our heroes when they meet some new and none-too-friendly neighbors – the mighty dinosaurs.",en,2009-06-26,6857,6857,176.844
24,Cosmic Scrat-tastrophe,Scrat struggles once again to protect his nut.,en,2015-11-06,97,97,176.623
25,Spider-Man: Into the Spider-Verse,"Miles Morales is juggling his life between being a high school student and being a spider-man. When Wilson ""Kingpin"" Fisk uses a super collider, others from across the Spider-Verse are transported to this dimension.",en,2018-12-06,11137,11137,176.592
26,Once Upon a Snowman,"The previously untold origins of Olaf, the innocent and insightful, summer-loving snowman are revealed as we follow Olaf’s first steps as he comes to life and searches for his identity in the snowy mountains outside Arendelle.",en,2020-10-23,421,421,176.481
27,22 vs. Earth,"Set before the events of ‘Soul’, 22 refuses to go to Earth, enlisting a gang of 5 new souls in attempt of rebellion. However, 22’s subversive plot leads to a surprising revelation about the meaning of life.",en,2021-04-30,277,277,176.453
28,The Last Airbender,"The story follows the adventures of Aang, a young successor to a long line of Avatars, who must put his childhood ways aside and stop the Fire Nation from enslaving the Water, Earth and Air nations.",en,2010-06-30,3268,3268,176.44
29,Mortal Kombat Legends: Battle of the Realms,"The Earthrealm heroes must journey to the Outworld and fight for the survival of their homeland, invaded by the forces of evil warlord Shao Kahn, in the tournament to end all tournaments: the final Mortal Kombat.",en,2021-08-30,252,252,176.217
30,Mad Max: Fury Road,"An apocalyptic story set in the furthest reaches of our planet, in a stark desert landscape where humanity is broken, and most everyone is crazed fighting for the necessities of life. Within this world exist two rebels on the run who just might be able to restore order.",en,2015-05-13,19252,19252,175.764
31,Joker,"During the 1980s, a failed stand-up comedian is driven insane and turns to a life of crime and chaos in Gotham City while becoming an infamous psychopathic crime figure.",en,2019-10-02,20335,20335,175.461
32,Jurassic World: Fallen Kingdom,"Three years after the demise of Jurassic World, a volcanic eruption threatens the remaining dinosaurs on Isla Nublar. So, Claire Dearing recruits Owen Grady to help prevent the extinction of the dinosaurs once again.",en,2018-06-06,9724,9724,175.07
33,Surviving Paradise: A Family Tale,"As the Kalahari Desert faces a worsening dry season, prides, packs and herds of all kinds must rely on the power of family to survive.",en,2022-03-03,20,20,174.983
34,The Parent Trap,"Hallie Parker and Annie James are identical twins separated at a young age because of their parents' divorce. Unknowingly to their parents, the girls are sent to the same summer camp where they meet, discover the truth about themselves, and then plot with each other to switch places.",en,1998-07-28,3246,3246,174.908
35,Grown Ups,"After their high school basketball coach passes away, five good friends and former teammates reunite for a Fourth of July holiday weekend.",en,2010-06-24,4885,4885,174.669
36,Ida Red,"Ida Red may not survive her 20-year prison sentence for armed robbery. She turns to her son, Wyatt, for one last job and a chance to regain her freedom.",en,2021-11-05,27,27,174.245
37,Mulan,"A tomboyish girl disguises herself as a young man so she can fight with the Imperial Chinese Army against the invading Huns. With help from wise-cracking dragon Mushu, Mulan just might save her country -- and win the heart of handsome Captain Li Shang.",en,1998-06-18,7967,7967,173.54
38,Malignant,"Madison is paralyzed by shocking visions of grisly murders, and her torment worsens as she discovers that these waking dreams are in fact terrifying realities with a mysterious tie to her past.",en,2021-09-01,1397,1397,173.42
39,Toy Story 2,"Andy heads off to Cowboy Camp, leaving his toys to their own devices. Things shift into high gear when an obsessive toy collector named Al McWhiggen, owner of Al's Toy Barn kidnaps Woody. Andy's toys mount a daring rescue mission, Buzz Lightyear meets his match and Woody has to decide where he and his heart truly belong.",en,1999-10-30,11491,11491,172.918
40,San Andreas,"In the aftermath of a massive earthquake in California, a rescue-chopper pilot makes a dangerous journey across the state in order to rescue his estranged daughter.",en,2015-05-27,7136,7136,172.867
41,Peninsula,A soldier and his team battle hordes of post-apocalyptic zombies in the wastelands of the Korean Peninsula.,ko,2020-07-15,1867,1867,172.865
42,World War Z,"Life for former United Nations investigator Gerry Lane and his family seems content. Suddenly, the world is plagued by a mysterious infection turning whole human populations into rampaging mindless zombies. After barely escaping the chaos, Lane is persuaded to go on a mission to investigate this disease. What follows is a perilous trek around the world where Lane must brave horrific dangers and long odds to find answers before human civilization falls.",en,2013-06-20,12959,12959,172.713
43,Spiral: From the Book of Saw,"Working in the shadow of an esteemed police veteran, brash Detective Ezekiel “Zeke” Banks and his rookie partner take charge of a grisly investigation into murders that are eerily reminiscent of the city’s gruesome past.  Unwittingly entrapped in a deepening mystery, Zeke finds himself at the center of the killer’s morbid game.",en,2021-05-12,1203,1203,172.34
44,Mickey and Minnie Wish Upon a Christmas,"After a series of mishaps, Mickey, Minnie and the gang are separated all over the world and must try to get back to Hot Dog Hills by Christmas Eve. A mysterious and jolly stranger shows up to tell them about The Wishing Star, which could be the secret to bringing everybody home in time to celebrate together.",en,2021-12-02,100,100,171.564
45,Cuidado con lo que deseas,,es,2021-11-12,13,13,171.475
46,Taken 3,"Ex-government operative Bryan Mills finds his life is shattered when he's falsely accused of a murder that hits close to home. As he's pursued by a savvy police inspector, Mills employs his particular set of skills to track the real killer and exact his unique brand of justice.",en,2014-12-16,4843,4843,171.378
47,Thor: Ragnarok,"Thor is imprisoned on the other side of the universe and finds himself in a race against time to get back to Asgard to stop Ragnarok, the destruction of his home-world and the end of Asgardian civilization, at the hands of a powerful new threat, the ruthless Hela.",en,2017-10-24,17471,17471,171.223
48,Dragon Ball Z: Bio-Broly,"Jaga Bada, Mr. Satan's old sparring partner, has invited Satan to his personal island to hold a grudge match. Trunks and Goten decide to come for the adventure and Android #18 is following Satan for the money he owes her. Little do they know that Jaga Bada's scientist have found a way to resurrect Broly, the legendary Super Saiyan.",ja,1994-07-09,399,399,170.383
49,Forgive Us Our Trespasses,"Targeted by Nazis as they hunt down and murder people with disabilities, a boy with a limb difference makes a daring decision while running for his life.",en,2022-01-17,36,36,169.828
50,Grudge,"Ahead of a promotion, a police chief becomes entangled in a deadly incident and uncovers an intrigue fueled by grudge that threatens his colleagues.",tr,2021-10-08,44,44,169.546
51,Solitary,"A man wakes up inside a room to discover he's a prisoner sent into space to form Earth's first colony, and worse - his cell mate Alana is hell bent on destroying everything.",en,2020-08-31,72,72,169.048
52,Come Play With Me,"Sofia, an insecure young woman, begins babysitting two troublesome siblings that turn her job into a complete living hell. That is until a devilish presence starts messing with the trio and they must band together to fight the demon away.",es,2021-02-25,148,148,168.56
53,The Miracle of Marcelino,"Left on the doorstep of a monastery as an infant, Marcelino was raised by the monks. He was well-cared for but lonely and missed having a mother. One day he found a special friend in the forbidden attic, hanging on a cross. A friend that would repay Marcelino's kindness by granting him one heart-felt wish.",es,1955-02-24,187,187,168.0
54,Naruto Shippuden the Movie: Road to Ninja,"Sixteen years ago, a mysterious masked ninja unleashes a powerful creature known as the Nine-Tailed Demon Fox on the Hidden Leaf Village Konoha, killing many people. In response, the Fourth Hokage Minato Namikaze and his wife Kushina Uzumaki, the Demon Fox's living prison or Jinchūriki, manage to seal the creature inside their newborn son Naruto Uzumaki. With the Tailed Beast sealed, things continued as normal. However, in the present day, peace ended when a group of ninja called the Akatsuki attack Konoha under the guidance of Tobi, the mysterious masked man behind Fox's rampage years ago who intends on executing his plan to rule the world by shrouding it in illusions.",ja,2012-07-28,669,669,167.898
55,Jolt,A bouncer with an anger management problem goes on a furious and resentful rampage after the murder of a friend.,en,2021-07-15,905,905,167.459
56,The Unforgivable,A woman is released from prison after serving a sentence for a violent crime and re-enters a society that refuses to forgive her past.,en,2021-11-24,1252,1252,167.361
57,The Lord of the Rings: The Fellowship of the Ring,"Young hobbit Frodo Baggins, after inheriting a mysterious ring from his uncle Bilbo, must leave his home in order to keep it from falling into the hands of its evil creator. Along the way, a fellowship is formed to protect the ringbearer and make sure that the ring arrives at its final destination: Mt. Doom, the only place where it can be destroyed.",en,2001-12-18,20792,20792,167.327
58,Grown Ups 2,"Lenny has relocated his family back to the small town where he and his friends grew up. This time around, the grown ups are the ones learning lessons from their kids on a day notoriously full of surprises—the last day of school.",en,2013-07-11,3399,3399,166.734
59,Finding Grace,"A struggling family, already on the verge of disintegration, faces new challenges that will test their faith in God and each other.",en,2020-04-21,16,16,166.487
60,Twilight,"When Bella Swan moves to a small town in the Pacific Northwest, she falls in love with Edward Cullen, a mysterious classmate who reveals himself to be a 108-year-old vampire. Despite Edward's repeated cautions, Bella can't stay away from him, a fatal move that endangers her own life.",en,2008-11-20,11457,11457,165.295
61,The Karate Kid,"Twelve-year-old Dre Parker could have been the most popular kid in Detroit, but his mother's latest career move has landed him in China. Dre immediately falls for his classmate Mei Ying but the cultural differences make such a friendship impossible. Even worse, Dre's feelings make him an enemy of the class bully, Cheng. With no friends in a strange land, Dre has nowhere to turn but maintenance man Mr. Han, who is a kung fu master. As Han teaches Dre that kung fu is not about punches and parries, but maturity and calm, Dre realizes that facing down the bullies will be the fight of his life.",en,2010-06-10,4903,4903,165.264
62,Jack Reacher: Never Go Back,"When Major Susan Turner is arrested for treason, ex-investigator Jack Reacher undertakes the challenging task to prove her innocence and ends up exposing a shocking conspiracy.",en,2016-10-19,3972,3972,165.05
63,Toy Story 4,"Woody has always been confident about his place in the world and that his priority is taking care of his kid, whether that's Andy or Bonnie. But when Bonnie adds a reluctant new toy called ""Forky"" to her room, a road trip adventure alongside old and new friends will show Woody how big the world can be for a toy.",en,2019-06-19,7917,7917,164.598
64,"Paul, Apostle of Christ","Risking his life, Luke ventures to Rome to visit Paul -- the apostle who's bound in chains and held captive in Nero's darkest and bleakest prison cell. Haunted by the shadows of his past misdeeds, Paul wonders if he's been forgotten as he awaits his grisly execution. Before Paul's death, Luke resolves to write another book that details the birth of what will come to be known as the church.",en,2018-03-23,252,252,164.506
65,Sex and the City,A New York writer on sex and love is finally getting married to her Mr. Big. But her three best girlfriends must console her after one of them inadvertently leads Mr. Big to jilt her.,en,2008-05-12,1779,1779,164.43
66,X,"In 1979, a group of young filmmakers set out to make an adult film in rural Texas, but when their reclusive, elderly hosts catch them in the act, the cast find themselves fighting for their lives.",en,2022-03-17,131,131,164.258
67,Wrong Turn,"Jen and a group of friends set out to hike the Appalachian Trail. Despite warnings to stick to the trail, the hikers stray off course—and cross into land inhabited by The Foundation, a hidden community of mountain dwellers who use deadly means to protect their way of life.",en,2021-01-26,708,708,164.177
68,Samson,"After losing the love of his life to a cruel Philistine prince, a young Hebrew with Supernatural strength defends his people, sacrificing everything to avenge his love, his people, and his God.",en,2018-02-16,184,184,163.653
69,UFO,"When aspiring musician and student Deniz falls for a rough-hewn motorbike racer, tragedy and family opposition obstruct their path to love.",tr,2022-02-23,22,22,163.487
70,Tall Girl 2,"After Jodi Kreyman gains popularity, her miscommunications start causing rifts with those around her and now she really needs to ""stand tall"".",en,2022-02-11,171,171,163.363
71,Love & Other Drugs,"Maggie is an alluring free spirit who won't let anyone – or anything – tie her down. But she meets her match in Jamie, whose relentless and nearly infallible charm serves him well with the ladies and in the cutthroat world of pharmaceutical sales. Maggie and Jamie's evolving relationship takes them both by surprise, as they find themselves under the influence of the ultimate drug: love.",en,2010-11-22,4166,4166,163.337
72,Joseph: King of Dreams,"In this animated retelling of the story from the Bible's Book of Genesis, Joseph's gift of dream interpretation and his brilliantly colored coat inspires jealousy in his brothers.",en,2000-11-07,783,783,163.138
73,Three Steps Above Heaven,"Story of two young people who belong to different worlds. It is the chronicle of a love improbable, almost impossible but inevitable dragging in a frantic journey they discover the first great love. Babi is a girl from upper-middle class that is educated in goodness and innocence . Hache is a rebellious boy, impulsive, unconscious, has a appetite for risk and danger embodied in endless fights and illegal motorbike races, the limit of common sense",es,2010-12-03,2440,2440,163.064
74,Fifty Shades Freed,"Believing they have left behind shadowy figures from their past, newlyweds Christian and Ana fully embrace an inextricable connection and shared life of luxury. But just as she steps into her role as Mrs. Grey and he relaxes into an unfamiliar stability, new threats could jeopardize their happy ending before it even begins.",en,2018-01-17,6831,6831,162.742
75,Spider-Man 3,"The seemingly invincible Spider-Man goes up against an all-new crop of villains—including the shape-shifting Sandman. While Spider-Man’s superpowers are altered by an alien organism, his alter ego, Peter Parker, deals with nemesis Eddie Brock and also gets caught up in a love triangle.",en,2007-05-01,11482,11482,162.614
76,Thor,"Against his father Odin's will, The Mighty Thor - a powerful but arrogant warrior god - recklessly reignites an ancient war. Thor is cast down to Earth and forced to live among humans as punishment. Once here, Thor learns what it takes to be a true hero when the most dangerous villain of his world sends the darkest forces of Asgard to invade Earth.",en,2011-04-21,18025,18025,162.304
77,The Little Mermaid,This colorful adventure tells the story of an impetuous mermaid princess named Ariel who falls in love with the very human Prince Eric and puts everything on the line for the chance to be with him. Memorable songs and characters -- including the villainous sea witch Ursula.,en,1989-11-17,6389,6389,162.234
78,Catch the Bullet,"U.S. marshal Britt MacMasters returns from a mission to find his father wounded and his son kidnapped by the outlaw Jed Blake. Hot on their trail, Britt forms a posse with a gunslinging deputy and a stoic Pawnee tracker. But Jed and Britt tread dangerously close to the Red Desert’s Sioux territory.",en,2021-09-10,82,82,161.481
79,The Lord of the Rings: The Two Towers,"Frodo and Sam are trekking to Mordor to destroy the One Ring of Power while Gimli, Legolas and Aragorn search for the orc-captured Merry and Pippin. All along, nefarious wizard Saruman awaits the Fellowship members at the Orthanc Tower in Isengard.",en,2002-12-18,17990,17990,160.82
80,The Proposal,"When she learns she's in danger of losing her visa status and being deported, overbearing book editor Margaret Tate forces her put-upon assistant, Andrew Paxton, to marry her.",en,2009-06-01,5389,5389,160.164
81,Fear Street: 1978,"In 1978, two rival groups at Camp Nightwing must band together to solve a terrifying mystery when horrors from their towns' history come alive.",en,2021-07-08,1210,1210,159.931
82,Love and Leashes,"Love never hurt so good for two co-workers who enter a contractual relationship as partners in consensual play, pleasure and pain.",ko,2022-02-11,96,96,159.733
83,SAS: Red Notice,"An off-duty SAS soldier, Tom Buckingham, must thwart a terror attack on a train running through the Channel Tunnel. As the action escalates on the train, events transpire in the corridors of power that may make the difference as to whether Buckingham and the civilian passengers make it out of the tunnel alive.",en,2021-08-11,356,356,159.721
84,Corpus Christi,"A pious 20-year-old juvenile delinquent is sent to work at a sawmill in a small town; on arrival, he dresses up as a priest and accidentally takes over the local parish. The arrival of this young, charismatic preacher is an opportunity for the local community to begin the healing process after a tragedy that happened a year prior.",pl,2019-09-10,380,380,159.296
85,Ice Age: The Meltdown,"Diego, Manny and Sid return in this sequel to the hit animated movie Ice Age. This time around, the deep freeze is over, and the ice-covered earth is starting to melt, which will destroy the trio's cherished valley. The impending disaster prompts them to reunite and warn all the other beasts about the desperate situation.",en,2006-03-29,8241,8241,158.988
86,Ice Age: Collision Course,"Set after the events of Continental Drift, Scrat's epic pursuit of his elusive acorn catapults him outside of Earth, where he accidentally sets off a series of cosmic events that transform and threaten the planet. To save themselves from peril, Manny, Sid, Diego, and the rest of the herd leave their home and embark on a quest full of thrills and spills, highs and lows, laughter and adventure while traveling to exotic new lands and locations.",en,2016-06-23,3740,3740,158.946
87,Outlaws,Introverted Girona student Nacho meets two delinquents from the city's Chinatown and gets caught up in a summer onslaught of burglaries and hold ups that will change his life.,es,2021-10-08,130,130,158.766
88,Train to Busan,"Martial law is declared when a mysterious viral outbreak pushes Korea into a state of emergency. Those on an express train to Busan, a city that has successfully fended off the viral outbreak, must fight for their own survival…",ko,2016-07-20,5592,5592,158.493
89,Rurouni Kenshin: The Final,"In 1879, Kenshin and his allies face their strongest enemy yet: his former brother-in-law Enishi Yukishiro and his minions, who've vowed their revenge.",ja,2021-04-23,306,306,158.271
90,Dragon Ball Z: Cooler's Revenge,"After defeating Frieza, Goku returns to Earth and goes on a camping trip with Gohan and Krillin. Everything is normal until Cooler - Frieza's brother - sends three henchmen after Goku. A long fight ensues between our heroes and Cooler, in which he transforms into the fourth stage of his evolution and has the edge in the fight... until Goku transforms into a Super Saiyan.",ja,1991-07-20,475,475,157.961
91,Halo 4: Forward Unto Dawn,"A coming-of-age story, Forward Unto Dawn follows a cadet, Thomas Lasky, at a twenty-sixth century military training academy as it is attacked by the Covenant, an alliance of alien zealots. Lasky is unsure of his future within the military but feels pressured to follow in the footsteps of his mother and brother. Lasky and his surviving squad mates are rescued by the Master Chief and, after the death of his romantic interest, Chyler Silva, Lasky is inspired by the Chief to take initiative and aids him in saving the remaining cadets.",en,2012-11-02,2,2,157.785
92,Law Abiding Citizen,A frustrated man decides to take justice into his own hands after a plea bargain sets one of his family's killers free. He targets not only the killer but also the district attorney and others involved in the deal.,en,2009-10-15,3967,3967,157.67
93,Kate,A ruthless criminal operative has less than 24 hours to exact revenge on her enemies and in the process forms an unexpected bond with the daughter of one of her past victims.,en,2021-09-10,1005,1005,157.145
94,Fatherhood,"A widowed new dad copes with doubts, fears, heartache and dirty diapers as he sets out to raise his daughter on his own. Inspired by a true story.",en,2021-06-18,996,996,157.001
95,The Prince of Egypt,"This is the extraordinary tale of two brothers named Moses and Ramses, one born of royal blood, and one an orphan with a secret past. Growing up the best of friends, they share a strong bond of free-spirited youth and good-natured rivalry. But the truth will ultimately set them at odds, as one becomes the ruler of the most powerful empire on earth, and the other the chosen leader of his people! Their final confrontation will forever change their lives and the world.",en,1998-12-16,3142,3142,156.099
96,Public Enemies,"Depression-era bank robber John Dillinger's charm and audacity endear him to much of America's downtrodden public, but he's also a thorn in the side of J. Edgar Hoover and the fledgling FBI. Desperate to capture the elusive outlaw, Hoover makes Dillinger his first Public Enemy Number One and assigns his top agent, Melvin Purvis, the task of bringing him in dead or alive.",en,2009-07-01,3639,3639,155.79
97,Pokémon the Movie: Secrets of the Jungle,"In the Forest of Okoya, Koko is a feral child who has been raised as a Pokémon by the Mythical Pokémon Zarude. Koko has grown up never doubting that he is a Pokémon even though he can't really use any sort of moves. Ash Ketchum and Pikachu meet Koko and help him protect the Great Tree from the crooked scientist Dr. Zed.",ja,2020-12-25,84,84,155.645
98,Plan A,"Germany 1945, Max, a Jewish Holocaust survivor, meets a radical group of Jewish resistance fighters, who, like him, lost all hope for their future after they were robbed of their existence and their entire families were killed by the Nazis. They dream of retaliation on an epic scale for the Jewish people. An eye for an eye, a tooth for a tooth. Max starts identifying with the group's monstrous plans...",en,2021-08-16,46,46,155.432
99,King of Kings,"Who is Jesus, and why does he impact all he meets? He is respected and reviled, emulated and accused, beloved, betrayed, and finally crucified. Yet that terrible fate would not be the end of the story.",en,1961-10-11,139,139,155.189
100,The Hobbit: An Unexpected Journey,"Bilbo Baggins, a hobbit enjoying his quiet life, is swept into an epic quest by Gandalf the Grey and thirteen dwarves who seek to reclaim their mountain home from Smaug, the dragon.",en,2012-11-26,15847,15847,155.17
101,Honest Thief,"A bank robber tries to turn himself in because he's falling in love and wants to live an honest life...but when he realizes the Feds are more corrupt than him, he must fight back to clear his name.",en,2020-09-03,1262,1262,155.012
102,Jesús de Nazaret: El Hijo de Dios,,es,2019-04-18,4,4,154.927
103,Ice Age: Continental Drift,"Manny, Diego, and Sid embark upon another adventure after their continent is set adrift. Using an iceberg as a ship, they encounter sea creatures and battle pirates as they explore a new world.",en,2012-06-27,6378,6378,154.829
104,Beckett,An American tourist in Greece finds himself on the run after a tragic accident plunges him into a political conspiracy that makes him a target for assassination.,en,2021-08-04,489,489,154.755
105,Frozen,"Young princess Anna of Arendelle dreams about finding true love at her sister Elsa’s coronation. Fate takes her on a dangerous journey in an attempt to end the eternal winter that has fallen over the kingdom. She's accompanied by ice delivery man Kristoff, his reindeer Sven, and snowman Olaf. On an adventure where she will find out what friendship, courage, family, and true love really means.",en,2013-11-20,14144,14144,154.295
106,Pokémon the Movie: I Choose You!,"Ash Ketchum wakes up late one morning after having broken his alarm clock in his sleep. He eventually makes it to Professor Oak's lab, but is told that the three starter List of Pokémon (Bulbasaur, Squirtle, and Charmander) have already been taken by Trainers who were on time. However, Oak reveals that he has one more Pokémon, an Electric-type named Pikachu. Despite its volatile and feisty personality, as well as its refusal to get inside a Poké Ball, Ash happily takes Pikachu for his journey.",ja,2017-07-15,506,506,153.872
107,Dragon Ball GT: A Hero's Legacy,"Son Goku Jr. is the great-great-great-great-grandson of the legendary martial artist Son Goku. However, unlike his predecessor he's not a brave fighter. He's constantly picked on by school bullies, his grandmother Pan sees this and she's worried, but even though Goku Jr. is not a strong and powerful Saiyan, he has a kind heart, and Pan loves him. When Pan gets sick Goku Jr. realizes he must do something if he doesn't want to lose Pan. Then he will remember about the legends of the Dragon Balls. It was told they granted a wish to the bearer, Goku Jr. needs a magical wish more than ever.",ja,1997-03-26,232,232,153.61
108,An Interview with God,An up-and-coming journalist finds his world and faith increasingly challenged when he's granted the interview of a lifetime – with someone who claims to be God.,en,2018-08-20,203,203,153.137
109,Nightbooks,"Alex, a boy obsessed with scary stories, is trapped by a witch in her modern, magical New York City apartment. His original hair-raising tales are the only thing keeping him safe as he desperately tries to find a way out of this twisted place.",en,2021-09-15,236,236,153.083
110,American Pie Presents: The Book of Love,"Ten years after the first American Pie movie, three new hapless virgins discover the Bible hidden in the school library at East Great Falls High. Unfortunately for them, the book is ruined, and with incomplete advice, the Bible leads them on a hilarious journey to lose their virginity.",en,2009-06-18,1456,1456,152.831
111,La Llorona,"Accused of the genocide of Mayan people, retired general Enrique is trapped in his mansion by massive protests. Abandoned by his staff, the indignant old man and his family must face the devastating truth of his actions and the growing sense that a wrathful supernatural force is targeting them for his crimes.",es,2020-01-22,242,242,152.678
112,Please Enlighten Me,"A  story between Lin Zhi Xiao, a graduating student from the Conservatory of Music, and her father's attending physician Gu Wei. Fourth-year student Lin Zhi Xiao hits rock bottom right before her graduation. Her father is hospitalized due to cancer leaving her no choice but to give up the chance to work at a reputable company. She also bears the pain from a relationship that has ended. All her beautiful imaginations towards love and her future are shattered in an instant. Just then, her father's doctor Gu Wei walks into Lin Zhi Xiao's life. When love begins, people often don't know that it's love. Two people who have been hurt before and no longer believe in love start to get to know each other. There are uncertainties and setbacks, misunderstandings and downturns, but in the process of falling in love, they become more assured that they have found the person to whom they can entrust the rest of their lives.",zh,2021-02-03,2,2,152.263
113,Hilda and the Mountain King,"When Hilda wakes up in the body of a troll, she must use her wits and courage to get back home, become human again — and save the city of Trolberg.",en,2021-12-30,68,68,152.262
114,John Carter,"John Carter is a war-weary, former military captain who's inexplicably transported to the mysterious and exotic planet of Barsoom (Mars) and reluctantly becomes embroiled in an epic conflict. It's a world on the brink of collapse, and Carter rediscovers his humanity when he realizes the survival of Barsoom and its people rests in his hands.",en,2012-03-07,4691,4691,152.244
115,Given,"The film centers on the love relationship among the band's bassist Haruki Nakayama, drummer Akihiko Kaji, and Akihiko's roommate and ex-boyfriend Ugetsu Murata.",ja,2020-08-22,312,312,152.185
116,After Porn Ends 2,"After Porn Ends 2 picks up where its predecessor left off and not only turns back the clock to meet the oldest living stars in adult film's history, but goes in depth with some of Its most current retirees and juxtaposes their experiences in a life after porn. Delving deeper into society's ongoing stigmas of race, misogyny, and the reality of decreasing opportunities for these former VHS box cover stars. For some, their careers in adult entertainment is accepted proudly and without regret. In fact, it seems to have proven to be the pathway to their current happiness and inner peace. For others, however, a career in porn has proven to be a conduit to certain despair as they struggle to find a way to bury their past and emerge with a new career or calling.",en,2017-03-28,192,192,151.546
117,Pokémon Detective Pikachu,"In a world where people collect pocket-size monsters (Pokémon) to do battle, a boy comes across an intelligent monster who seeks to be a detective.",en,2019-05-03,5545,5545,151.513
118,Caged,"An African American male is imprisoned and placed in solitary confinement after being found guilty of murdering his wife, as he's haunted by internal demons and his dead wife, and pushed to the breaking point by an abusive female guard.",en,2021-01-26,49,49,151.221
119,The Loud House Movie,The Loud family travel to Scotland and discover they are descendants of Scottish royalty as they move into their giant ancestral castle.,en,2021-08-20,114,114,151.151
120,Batman v Superman: Dawn of Justice,"Fearing the actions of a god-like Super Hero left unchecked, Gotham City’s own formidable, forceful vigilante takes on Metropolis’s most revered, modern-day savior, while the world wrestles with what sort of hero it really needs. And with Batman and Superman at war with one another, a new threat quickly arises, putting mankind in greater danger than it’s ever known before.",en,2016-03-23,15737,15737,150.972
121,Batman Returns,"While Batman deals with a deformed man calling himself the Penguin, an employee of a corrupt businessman transforms into the Catwoman.",en,1992-06-19,5182,5182,150.783
122,Scooby-Doo,"The Mystery Inc. gang have gone their separate ways and have been apart for two years, until they each receive an invitation to Spooky Island. Not knowing that the others have also been invited, they show up and discover an amusement park that affects young visitors in very strange ways.",en,2002-06-14,3526,3526,150.745
123,Prisoners,"Keller Dover faces a parent's worst nightmare when his 6-year-old daughter, Anna, and her friend go missing. The only lead is an old motorhome that had been parked on their street. The head of the investigation, Detective Loki, arrests the driver, but a lack of evidence forces Loki to release his only suspect. Dover, knowing that his daughter's life is at stake, decides that he has no choice but to take matters into his own hands.",en,2013-09-18,9157,9157,150.534
124,Cinderella,"Cinderella has faith her dreams of a better life will come true. With help from her loyal mice friends and a wave of her Fairy Godmother's wand, Cinderella's rags are magically turned into a glorious gown and off she goes to the Royal Ball. But when the clock strikes midnight, the spell is broken, leaving a single glass slipper... the only key to the ultimate fairy-tale ending!",en,1950-02-22,5602,5602,150.501
125,Overcomer,"After reluctantly agreeing to coach cross-country, high school basketball Coach John Harrison helps the least likely runner attempt the impossible in the biggest race of the year.",en,2019-08-22,181,181,150.056
126,Yu-Gi-Oh!: The Dark Side of Dimensions,Yugi and Kaiba have a special duel that transcends dimensions.,ja,2016-04-23,271,271,149.721
127,Masquerade,A young girl struggles to survive after a group of home invaders break into her house to steal her family's priceless artwork.,en,2021-07-30,59,59,149.601
128,The Sadness,"A young couple is pushed to the limits of sanity as they attempt to be reunited amid the chaos of a pandemic outbreak. The streets erupt into violence and depravity, as those infected are driven to enact in the most cruel and ghastly things imaginable.",zh,2021-01-22,45,45,149.318
129,Naruto Shippuden the Movie: Blood Prison,"After his capture for attempted assassination of the Raikage, leader of Kumogakure, as well as killing Jōnin from Kirigakure and Iwagakure, Naruto is imprisoned in Hōzukijou: A criminal containment facility known as the Blood Prison. Mui, the castle master, uses the ultimate imprisonment technique to steal power from the prisoners, which is when Naruto notices his life has been targeted. Thus begins the battle to uncover the truth behind the mysterious murders and prove Naruto's innocence.",ja,2011-07-30,359,359,149.14
130,Skylines,"When a virus threatens to turn the now earth-dwelling friendly alien hybrids against humans, Captain Rose Corley must lead a team of elite mercenaries on a mission to the alien world in order to save what's left of humanity.",en,2020-10-25,413,413,148.996
131,Host,"Six friends hire a medium to hold a séance via Zoom during lockdown — but they get far more than they bargained for as things quickly go wrong. When an evil spirit starts invading their homes, they begin to realize they might not survive the night.",en,2020-12-04,513,513,148.876
132,Outside the Wire,"In the near future, a drone pilot is sent into a deadly militarized zone and must work with an android officer to locate a doomsday device.",en,2021-01-15,1445,1445,148.874
133,Prometheus,"A team of explorers discover a clue to the origins of mankind on Earth, leading them on a journey to the darkest corners of the universe. There, they must fight a terrifying battle to save the future of the human race.",en,2012-05-30,10161,10161,148.683
134,Blended,"After a bad blind date, a man and woman find themselves stuck together at a resort for families, where their attractions grows as their respective kids benefit from the burgeoning relationship.",en,2014-05-21,2761,2761,148.437
135,Bull Shark,A hungry shark begins feeding on unsuspecting lake goers in a small Texas town.,en,2022-02-05,8,8,148.058
136,Trollhunters: Rise of the Titans,"The Guardians of Arcadia reunite to battle the nefarious Arcane Order, who've reawakened the primordial Titans.",en,2021-07-21,236,236,147.929
137,The Hunger Games: Mockingjay - Part 1,Katniss Everdeen reluctantly becomes the symbol of a mass rebellion against the autocratic Capitol.,en,2014-11-19,13485,13485,147.73
138,Black Panther,"King T'Challa returns home to the reclusive, technologically advanced African nation of Wakanda to serve as his country's new leader. However, T'Challa soon finds that he is challenged for the throne by factions within his own country as well as without. Using powers reserved to Wakandan kings, T'Challa assumes the Black Panther mantle to join with ex-girlfriend Nakia, the queen-mother, his princess-kid sister, members of the Dora Milaje (the Wakandan 'special forces') and an American secret agent, to prevent Wakanda from being dragged into a world war.",en,2018-02-13,18904,18904,147.723
139,Dragon Ball Z: The World's Strongest,"The evil Dr. Kochin uses the dragon balls to resurrect his mentor, Dr. Wheelo, in an effort to take over the world. Dr. Wheelo, his body having been destroyed by the avalanche that killed him fifty years before, desires the body of the strongest fighter in the world as his new vessel. Believing Roshi to be the world's strongest warrior, Dr. Kochin abducts Bulma and forces Roshi to surrender himself to save her. When Goku hears of their abduction, he goes to their rescue.",ja,1990-03-10,365,365,147.565
140,Clash of the Titans,"Born of a god but raised as a man, Perseus is helpless to save his family from Hades, vengeful god of the underworld. With nothing to lose, Perseus volunteers to lead a dangerous mission to defeat Hades before he can seize power from Zeus and unleash hell on earth. Battling unholy demons and fearsome beasts, Perseus and his warriors will only survive if Perseus accepts his power as a god, defies fate and creates his own destiny.",en,2010-03-31,5276,5276,147.013
141,Furious 7,Deckard Shaw seeks revenge against Dominic Toretto and his family for his comatose brother.,en,2015-04-01,9046,9046,146.547
142,The Many Saints of Newark,"Young Anthony Soprano is growing up in one of the most tumultuous eras in Newark, N.J., history, becoming a man just as rival gangsters start to rise up and challenge the all-powerful DiMeo crime family. Caught up in the changing times is the uncle he idolizes, Dickie Moltisanti, whose influence over his nephew will help shape the impressionable teenager into the all-powerful mob boss, Tony Soprano.",en,2021-09-22,370,370,146.455
143,Cars 2,Star race car Lightning McQueen and his pal Mater head overseas to compete in the World Grand Prix race. But the road to the championship becomes rocky as Mater gets caught up in an intriguing adventure of his own: international espionage.,en,2011-06-11,6197,6197,146.209
144,In Time,"In the not-too-distant future the aging gene has been switched off. To avoid overpopulation, time has become the currency and the way people pay for luxuries and necessities. The rich can live forever, while the rest try to negotiate for their immortality. A poor young man who comes into a fortune of time, though too late to help his mother from dying. He ends up on the run from a corrupt police force known as 'time keepers'.",en,2011-10-27,9477,9477,146.03
145,Zack and Miri Make a Porno,"Lifelong platonic friends Zack and Miri look to solve their respective cash-flow problems by making an adult film together. As the cameras roll, however, the duo begin to sense that they may have more feelings for each other than they previously thought.",en,2008-09-18,1859,1859,145.904
146,Wrong Turn 3: Left for Dead,"A group of people find themselves trapped in the backwoods of West Virginia, fighting for their lives against a group of vicious and horribly disfigured inbred cannibals.",en,2009-10-20,839,839,145.806
147,The Hangover Part II,"The Hangover crew heads to Thailand for Stu's wedding. After the disaster of a bachelor party in Las Vegas last year, Stu is playing it safe with a mellow pre-wedding brunch. However, nothing goes as planned and Bangkok is the perfect setting for another adventure with the rowdy group.",en,2011-05-25,8843,8843,145.521
148,Maleficent: Mistress of Evil,"Maleficent and her goddaughter Aurora begin to question the complex family ties that bind them as they are pulled in different directions by impending nuptials, unexpected allies, and dark new forces at play.",en,2019-10-16,5002,5002,145.497
149,Tenet,"Armed with only one word - Tenet - and fighting for the survival of the entire world, the Protagonist journeys through a twilight world of international espionage on a mission that will unfold in something beyond real time.",en,2020-08-22,6993,6993,145.439
150,Battle: Los Angeles,"When once distant UFOs become a terrifying threat attacking Earth, a Marine staff sergeant and his team take it upon themselves to face the enemy and protect what remains of the planet.",en,2011-03-08,2860,2860,145.202
151,Night in Paradise,"An assassin named Tae-goo is offered a chance to switch sides with his rival Bukseong gang, headed by Chairman Doh. Tae-goo rejects the offer that results in the murder of his sister and niece. In revenge, Tae-goo brutally kills Chairman Doh and his men and flees to Jeju Island where he meets Jae-yeon, a terminally ill woman. Though, the henchman of the Bukseong gang, Executive Ma is mercilessly hunting Tae-goo to take revenge.",ko,2020-09-03,173,173,145.086
152,Ted,"John Bennett, a man whose childhood wish of bringing his teddy bear to life came true, now must decide between keeping the relationship with the bear or his girlfriend, Lori.",en,2012-06-29,10521,10521,145.017
153,Porn to Be Free,"Italy, 1970. An increasing legion of harmless warriors begins a peaceful struggle for sexual freedom through pornography, shaking and shocking religious authorities and conservative political institutions. They are ironic, happy, crazy. They are dreamers, defenders of definitive communion between body and soul. But they were censored and humiliated. They were mistreated and arrested for demanding loud a new cultural renaissance.",it,2016-06-24,67,67,144.64
154,The Trip,"A dysfunctional couple head to a remote lakeside cabin under the guise of reconnecting, but each has secret designs to kill the other. Before they can carry out their respective plans, unexpected visitors arrive and the couple is faced with a greater danger than anything they could have plotted.",no,2021-07-30,310,310,144.618
155,The Lord of the Rings: The Return of the King,"Aragorn is revealed as the heir to the ancient kings as he, Gandalf and the other members of the broken fellowship struggle to save Gondor from Sauron's forces. Meanwhile, Frodo and Sam take the ring closer to the heart of Mordor, the dark lord's realm.",en,2003-12-01,19374,19374,144.518
156,Wreck-It Ralph,"Wreck-It Ralph is the 9-foot-tall, 643-pound villain of an arcade video game named Fix-It Felix Jr., in which the game's titular hero fixes buildings that Ralph destroys. Wanting to prove he can be a good guy and not just a villain, Ralph escapes his game and lands in Hero's Duty, a first-person shooter where he helps the game's hero battle against alien invaders. He later enters Sugar Rush, a kart racing game set on tracks made of candies, cookies and other sweets. There, Ralph meets Vanellope von Schweetz who has learned that her game is faced with a dire threat that could affect the entire arcade, and one that Ralph may have inadvertently started.",en,2012-01-01,10572,10572,144.381
157,Dragon Ball Z: Super Android 13!,"Dr. Gero's Androids #13, #14, and #15 are awakened by the laboratory computers and immediately head to the mall where Goku is shopping. After Goku, Trunks, and Vegeta defeat #14 and #15, #13 absorbs their inner computers and becomes a super being greater than the original three separately were. Now it is up to Goku to stop him.",ja,1992-07-11,379,379,144.252
158,Transformers: Age of Extinction,"As humanity picks up the pieces, following the conclusion of ""Transformers: Dark of the Moon,"" Autobots and Decepticons have all but vanished from the face of the planet. However, a group of powerful, ingenious businessman and scientists attempt to learn from past Transformer incursions and push the boundaries of technology beyond what they can control - all while an ancient, powerful Transformer menace sets Earth in his cross-hairs.",en,2014-06-25,6662,6662,144.234
159,A Nun's Curse,A group of travelers are forced to seek shelter inside an abandoned jail where a notorious nun named Sister Monday had once been assigned and was suspected of murdering prisoners.,en,2020-05-12,78,78,143.677
160,John Wick: Chapter 3 - Parabellum,"Super-assassin John Wick returns with a $14 million price tag on his head and an army of bounty-hunting killers on his trail. After killing a member of the shadowy international assassin’s guild, the High Table, John Wick is excommunicado, but the world’s most ruthless hit men and women await his every turn.",en,2019-05-15,7839,7839,143.595
161,Misfit #EresOTeHaces,,es,2021-10-14,175,175,143.285
162,Cirque du Freak: The Vampire's Assistant,"Darren Shan is a regular teenage kid. He and his friend Steve find out about a Freak Show coming to town and work hard at trying to find tickets. They do, and together they go to ""Cirque du Freak"" where they see many strange acts including a wolf-man and a bearded lady",en,2009-10-23,880,880,143.144
163,Extinct,"Op and Ed, two adorable donut-shaped animals - flummels - accidentally time-travel from 1835 to modern-day Shanghai.  There they discover traffic, trans fats, and worst of all, that flummels are now extinct. It's up to this bumbling pair to save themselves and their species...and, just maybe, change the course of history.",en,2021-02-11,96,96,142.615
164,Dragon Ball Z: The Return of Cooler,Cooler has resurrected himself as a robot and is enslaving the people of New Namek. Goku and the gang must help.,ja,1992-03-07,413,413,142.513
165,Dragon Ball Super: Broly,"Earth is peaceful following the Tournament of Power. Realizing that the universes still hold many more strong people yet to see, Goku spends all his days training to reach even greater heights. Then one day, Goku and Vegeta are faced by a Saiyan called 'Broly' who they've never seen before. The Saiyans were supposed to have been almost completely wiped out in the destruction of Planet Vegeta, so what's this one doing on Earth? This encounter between the three Saiyans who have followed completely different destinies turns into a stupendous battle, with even Frieza (back from Hell) getting caught up in the mix.",ja,2018-12-14,2223,2223,142.238
166,¡Qué Despadre!,"Pedro is a single man in his forties who likes to party, has no children and lives at night. Everything changes when he meets Alin. She mentions to him that she is looking for her dad and that there is a high probability that it is him.",es,2022-02-09,5,5,142.122
167,The Town,"Doug MacRay is a longtime thief, who, smarter than the rest of his crew, is looking for his chance to exit the game. When a bank job leads to the group kidnapping an attractive branch manager, he takes on the role of monitoring her – but their burgeoning relationship threatens to unveil the identities of Doug and his crew to the FBI Agent who is on their case.",en,2010-09-15,4006,4006,142.106
168,The Twilight Saga: Breaking Dawn - Part 2,"After the birth of Renesmee, the Cullens gather other vampire clans in order to protect the child from a false allegation that puts the family in front of the Volturi.",en,2012-11-13,7612,7612,141.946
169,The Incredibles,"Bob Parr has given up his superhero days to log in time as an insurance adjuster and raise his three children with his formerly heroic wife in suburbia. But when he receives a mysterious assignment, it's time to get back into costume.",en,2004-10-27,15063,15063,141.891
170,Southpaw,"Billy ""The Great"" Hope, the reigning junior middleweight boxing champion, has an impressive career, a loving wife and daughter, and a lavish lifestyle. However, when tragedy strikes, Billy hits rock bottom, losing his family, his house and his manager. He soon finds an unlikely savior in Tick Willis, a former fighter who trains the city's toughest amateur boxers. With his future on the line, Hope fights to reclaim the trust of those he loves the most.",en,2015-03-24,4696,4696,141.696
171,Cars 3,"Blindsided by a new generation of blazing-fast racers, the legendary Lightning McQueen is suddenly pushed out of the sport he loves. To get back in the game, he will need the help of an eager young race technician with her own plan to win, inspiration from the late Fabulous Hudson Hornet, and a few unexpected turns. Proving that #95 isn't through yet will test the heart of a champion on Piston Cup Racing’s biggest stage!",en,2017-06-15,4473,4473,141.654
172,The Simpsons Movie,"After Homer accidentally pollutes the town's water supply, Springfield is encased in a gigantic dome by the EPA and the Simpsons are declared fugitives.",en,2007-07-25,6695,6695,141.455
173,The 8th Night,"With prayer beads in one hand and an ax in the other, a monk hunts down a millennia-old spirit that's possessing humans and unleashing hell on Earth.",ko,2021-07-02,71,71,141.39
174,Red Shoes and the Seven Dwarfs,"Princes who have been turned into Dwarfs seek the red shoes of a lady in order to break the spell, although it will not be easy.",en,2019-07-25,846,846,141.3
175,Dragon Ball Z Special 9 - Future Trunks Special,"Extra scenes of the movie Resurrection F, where future Trunks remembers the battle of Goku againts Freezer.",ja,2016-08-10,106,106,141.171
176,Dragon Ball Z: Bojack Unbound,"Mr. Money is holding another World Martial Arts Tournament and Mr. Satan invites everyone in the world to join in. Little does he know that Bojack, an ancient villain who has escaped his prison, is competing. Since Goku is currently dead, it is up to Gohan, Vegeta, and Trunks to defeat Bojack and his henchman.",ja,1993-07-10,405,405,141.057
177,Me Before You,"A small town girl is caught between dead-end jobs. A high-profile, successful man becomes wheelchair bound following an accident. The man decides his life is not worth living until the girl is hired for six months to be his new caretaker. Worlds apart and trapped together by circumstance, the two get off to a rocky start. But the girl becomes determined to prove to the man that life is worth living and as they embark on a series of adventures together, each finds their world changing in ways neither of them could begin to imagine.",en,2016-06-01,9989,9989,141.046
178,There's Someone Inside Your House,"As the countdown to graduation begins, students at Osborne High are being stalked by a maniac intent on exposing their darkest secrets to the entire town, terrorizing victims while wearing a life-like mask of their own face. With a mysterious past of her own, Makani and her friends must discover the killer's identity before they become victims themselves.",en,2021-09-24,380,380,140.883
179,Finding Nemo,"Nemo, an adventurous young clownfish, is unexpectedly taken from his Great Barrier Reef home to a dentist's office aquarium. It's up to his worrisome father Marlin and a friendly but forgetful fish Dory to bring Nemo home -- meeting vegetarian sharks, surfer dude turtles, hypnotic jellyfish, hungry seagulls, and more along the way.",en,2003-05-30,16249,16249,140.721
180,Aquaslash,"To celebrate their graduation, the teenagers from Valley Hills High School have organized an ’80s-themed party at the old Wet Valley water park. Things turn gruesome when it's revealed that a mysterious maniac has inserted giant razor blades into one of the water slides. The water park thus becomes the backdrop for a bloodbath (literally), and everyone is a suspect...",en,2019-07-29,102,102,140.425
181,Scary Movie,"A familiar-looking group of teenagers find themselves being stalked by a more-than-vaguely recognizable masked killer! As the victims begin to pile up and the laughs pile on, none of your favorite scary movies escape the razor-sharp satire of this outrageously funny parody!",en,2000-07-07,5451,5451,140.391
182,Maze Runner: The Scorch Trials,"Thomas and his fellow Gladers face their greatest challenge yet: searching for clues about the mysterious and powerful organization known as WCKD. Their journey takes them to the Scorch, a desolate landscape filled with unimaginable obstacles. Teaming up with resistance fighters, the Gladers take on WCKD’s vastly superior forces and uncover its shocking plans for them all.",en,2015-09-09,8810,8810,140.386
183,El juego de las llaves,"Laura has been with Antonio all her life and, just when she begins to wonder if that is really the life she wants, Sergio and Siena cross paths in their lives. Sergio is a former high school classmate and Siena, his millennial girlfriend who arrives to revolutionize everyone's lives. Laura, Raquel and Cris, close friends for years, convince their respective husbands to play a game that Siena proposes to them: the game of keys. The game consists of everyone putting their keys in a bowl. At random, each one chooses some keys and he must go to spend the night with the owner of the keys. This game will revolutionize the group of friends and their lives. It will make them discover who they are and what they really want.",es,2022-04-13,1,1,140.377
184,American Underdog,"The true story of Kurt Warner, who went from a stockboy at a grocery store to a two-time NFL MVP, Super Bowl champion, and Hall of Fame quarterback.",en,2021-12-25,71,71,140.245
185,G.I. Joe: The Rise of Cobra,"From the Egyptian desert to deep below the polar ice caps, the elite G.I. JOE team uses the latest in next-generation spy and military equipment to fight the corrupt arms dealer Destro and the growing threat of the mysterious Cobra organization to prevent them from plunging the world into chaos.",en,2009-08-03,3896,3896,139.958
186,Trigger Point,Nicolas Shaw is a retired U.S. special operative who becomes part of an elite 'invisible' team that quietly takes out the worst villains around the world.,en,2021-04-23,104,104,139.805
187,We Can Be Heroes,"When alien invaders capture Earth's superheroes, their kids must learn to work together to save their parents - and the planet.",en,2020-12-25,591,591,139.703
188,The Kissing Booth 3,"It’s the summer before Elle heads to college, and she has a secret decision to make. Elle has been accepted into Harvard, where boyfriend Noah is matriculating, and also Berkeley, where her BFF Lee is headed and has to decide if she should stay or not.",en,2021-08-11,1384,1384,139.596
189,Last Days in the Desert,"On his way out of the wilderness, Jesus struggles with the Devil over the fate of a family in crisis, setting himself up for a dramatic test.",en,2016-05-13,128,128,139.574
190,In for a Murder,A stay-at-home mom and avid reader of crime stories discovers the deepest secrets of a small town's residents while investigating a woman's murder.,pl,2021-06-18,56,56,139.543
191,The Second Coming of Christ,"The journey of a woman scientist who, at the end of times, discovers that true Faith can bring Miracles.",en,2018-03-06,4,4,139.447
192,Corpse Bride,"Set in a 19th-century european village, this stop-motion animation feature follows the story of Victor, a young man whisked away to the underworld and wed to a mysterious corpse bride, while his real bride Victoria waits bereft in the land of the living.",en,2005-09-12,7068,7068,139.375
193,Iron Man 3,"When Tony Stark's world is torn apart by a formidable terrorist called the Mandarin, he starts an odyssey of rebuilding and retribution.",en,2013-04-18,19306,19306,139.347
194,I Want to Eat Your Pancreas,"After his classmate and crush is diagnosed with a pancreatic disease, an average high schooler sets out to make the most of her final days.",ja,2018-09-01,976,976,139.344
195,Sing,A koala named Buster recruits his best friend to help him drum up business for his theater by hosting a singing competition.,en,2016-11-23,6715,6715,139.173
196,Chief Daddy 2: Going for Broke,"The Beecroft family are ready to spend all of Chief Daddy's inheritance, but not if the CEO of his company has anything to do with it.",en,2021-12-17,71,71,139.172
197,The Tinder Swindler,"Posing as a wealthy, jet-setting diamond mogul, an Israeli conman wooed women online then conned them out of millions of dollars. Now some victims plan for payback.",en,2022-02-02,549,549,138.868
198,Venom 3,The third entry in the Venom trilogy confirmed to be in development by Amy Pascal.,en,,0,0,138.494
199,Hello World,"Year 2027, The city of Kyoto has undergone tremendous advancement. Within the city lives Naomi Katagaki, an introvert and Ruri Ichigyō, a girl with a cold personality. Both share a love for reading books. Despite having similar interests, Naomi is afraid to approach Ruri due to her unfriendly nature.  One day, as Naomi goes out for a walk, a crimson aurora pierces through the sky for a brief moment. Shortly after, he sees a three-legged crow and a mysterious man who reveals himself to be Naomi from 10 years in the future, explaining that he has come to change a tragic event that happens to Ruri shortly after they start dating. Naomi follows his future self's instructions and starts getting closer to Ruri, determined to save her.  With the help of his future self, Naomi begins his preparations to save Ruri. Will he be able to change the future?",ja,2019-09-20,178,178,138.328
